Date,NG=F_Close,NG=F_High,NG=F_Low,NG=F_Open,NG=F_Volume
2022-01-03,3.815000057220459,3.8580000400543213,3.638000011444092,3.7019999027252197,99069
2022-01-04,3.7170000076293945,3.944000005722046,3.7090001106262207,3.816999912261963,133394
2022-01-05,3.881999969482422,3.8970000743865967,3.7170000076293945,3.746999979019165,96811
2022-01-06,3.812000036239624,3.930999994277954,3.8010001182556152,3.8420000076293945,116579
2022-01-07,3.9159998893737793,3.9800000190734863,3.799999952316284,3.859999895095825,127012
2022-01-10,4.078999996185303,4.2129998207092285,3.9769999980926514,4.144000053405762,177628
2022-01-11,4.249000072479248,4.261000156402588,4.006999969482422,4.11899995803833,121623
2022-01-12,4.85699987411499,4.879000186920166,4.185999870300293,4.224999904632568,217499
2022-01-13,4.269999980926514,4.843999862670898,4.244999885559082,4.790999889373779,221612
2022-01-14,4.26200008392334,4.304999828338623,4.0970001220703125,4.263000011444092,108856
2022-01-18,4.2829999923706055,4.389999866485596,4.216000080108643,4.355999946594238,119454
2022-01-19,4.031000137329102,4.385000228881836,4.010000228881836,4.327000141143799,116542
2022-01-20,3.802000045776367,4.0370001792907715,3.7809998989105225,4.014999866485596,104199
2022-01-21,3.999000072479248,4.044000148773193,3.8329999446868896,3.8380000591278076,70256
2022-01-24,4.0269999504089355,4.067999839782715,3.875999927520752,3.9149999618530273,47100
2022-01-25,4.052999973297119,4.078999996185303,3.8889999389648438,3.9590001106262207,23443
2022-01-26,4.2769999504089355,4.389999866485596,4.011000156402588,4.039999961853027,44321
2022-01-27,6.264999866485596,7.3460001945495605,4.230000019073486,4.230000019073486,193252
2022-01-28,4.638999938964844,4.875999927520752,4.285999774932861,4.3420000076293945,263418
2022-01-31,4.874000072479248,5.057000160217285,4.695000171661377,4.867000102996826,156746
2022-02-01,4.750999927520752,4.973999977111816,4.619999885559082,4.921000003814697,140785
2022-02-02,5.500999927520752,5.572000026702881,4.85699987411499,4.89300012588501,305898
2022-02-03,4.888000011444092,5.453999996185303,4.815999984741211,5.420000076293945,205841
2022-02-04,4.572000026702881,5.086999893188477,4.486999988555908,4.928999900817871,152119
2022-02-07,4.23199987411499,4.4679999351501465,4.119999885559082,4.383999824523926,192859
2022-02-08,4.248000144958496,4.38100004196167,4.172999858856201,4.276000022888184,154444
2022-02-09,4.008999824523926,4.258999824523926,3.9830000400543213,4.210999965667725,154599
2022-02-10,3.9590001106262207,4.067999839782715,3.881999969482422,4.034999847412109,141740
2022-02-11,3.940999984741211,4.056000232696533,3.875999927520752,3.944000005722046,177373
2022-02-14,4.195000171661377,4.229000091552734,4.039999961853027,4.103000164031982,121204
2022-02-15,4.306000232696533,4.427999973297119,4.1570000648498535,4.183000087738037,141954
2022-02-16,4.7170000076293945,4.739999771118164,4.369999885559082,4.39300012588501,155480
2022-02-17,4.486000061035156,4.793000221252441,4.4019999504089355,4.642000198364258,117789
2022-02-18,4.431000232696533,4.6539998054504395,4.370999813079834,4.517000198364258,73219
2022-02-22,4.498000144958496,4.861000061035156,4.447999954223633,4.593999862670898,42641
2022-02-23,4.623000144958496,4.703999996185303,4.452000141143799,4.504000186920166,47180
2022-02-24,4.567999839782715,4.940000057220459,4.293000221252441,4.603000164031982,184107
2022-02-25,4.46999979019165,4.716000080108643,4.416999816894531,4.572999954223633,114859
2022-02-28,4.4019999504089355,4.683000087738037,4.366000175476074,4.619999885559082,107186
2022-03-01,4.572999954223633,4.626999855041504,4.340000152587891,4.4079999923706055,112546
2022-03-02,4.76200008392334,4.910999774932861,4.599999904632568,4.599999904632568,141694
2022-03-03,4.7220001220703125,4.935999870300293,4.627999782562256,4.795000076293945,137151
2022-03-04,5.015999794006348,5.045000076293945,4.728000164031982,4.75,125385
2022-03-07,4.833000183105469,5.184000015258789,4.781000137329102,5.040999889373779,130864
2022-03-08,4.5269999504089355,4.881999969482422,4.506999969482422,4.817999839782715,159168
2022-03-09,4.526000022888184,4.625,4.449999809265137,4.568999767303467,95126
2022-03-10,4.63100004196167,4.671000003814697,4.499000072479248,4.519999980926514,81807
2022-03-11,4.724999904632568,4.796999931335449,4.622000217437744,4.6570000648498535,84506
2022-03-14,4.6579999923706055,4.758999824523926,4.50600004196167,4.704999923706055,73961
2022-03-15,4.567999839782715,4.682000160217285,4.459000110626221,4.678999900817871,86943
2022-03-16,4.748000144958496,4.776000022888184,4.593999862670898,4.625,80521
2022-03-17,4.989999771118164,5.000999927520752,4.690999984741211,4.747000217437744,93844
2022-03-18,4.86299991607666,4.956999778747559,4.810999870300293,4.929999828338623,67268
2022-03-21,4.900000095367432,4.97599983215332,4.748000144958496,4.908999919891357,75457
2022-03-22,5.186999797821045,5.203999996185303,4.876999855041504,4.947999954223633,122753
2022-03-23,5.23199987411499,5.329999923706055,5.0920000076293945,5.146999835968018,74535
2022-03-24,5.401000022888184,5.464000225067139,5.063000202178955,5.114999771118164,84230
2022-03-25,5.571000099182129,5.577000141143799,5.34499979019165,5.401000022888184,29472
2022-03-28,5.507999897003174,5.6519999504089355,5.419000148773193,5.551000118255615,33907
2022-03-29,5.335999965667725,5.491000175476074,5.255000114440918,5.453000068664551,111300
2022-03-30,5.605000019073486,5.624000072479248,5.269999980926514,5.328999996185303,117845
2022-03-31,5.642000198364258,5.831999778747559,5.453999996185303,5.574999809265137,159717
2022-04-01,5.71999979019165,5.7779998779296875,5.505000114440918,5.626999855041504,178521
2022-04-04,5.711999893188477,5.85699987411499,5.650000095367432,5.744999885559082,137180
2022-04-05,6.0320000648498535,6.201000213623047,5.770999908447266,5.7820000648498535,158216
2022-04-06,6.0289998054504395,6.394000053405762,6.0,6.078000068664551,166720
2022-04-07,6.359000205993652,6.440000057220459,6.0,6.116000175476074,199510
2022-04-08,6.2779998779296875,6.538000106811523,6.256999969482422,6.410999774932861,188342
2022-04-11,6.64300012588501,6.7220001220703125,6.247000217437744,6.394000053405762,177957
2022-04-12,6.679999828338623,6.947000026702881,6.599999904632568,6.704999923706055,234248
2022-04-13,6.997000217437744,7.091000080108643,6.6519999504089355,6.703999996185303,210551
2022-04-14,7.300000190734863,7.3460001945495605,6.949999809265137,7.046000003814697,214218
2022-04-18,7.820000171661377,8.0649995803833,7.364999771118164,7.367000102996826,191084
2022-04-19,7.176000118255615,7.939000129699707,6.953999996185303,7.776000022888184,236995
2022-04-20,6.936999797821045,7.409999847412109,6.790999889373779,7.252999782562256,157958
2022-04-21,6.956999778747559,7.145999908447266,6.703000068664551,6.824999809265137,145263
2022-04-22,6.533999919891357,7.079999923706055,6.438000202178955,6.938000202178955,80599
2022-04-25,6.669000148773193,6.966000080108643,6.34499979019165,6.414000034332275,32516
2022-04-26,6.849999904632568,7.050000190734863,6.6620001792907715,6.835999965667725,41407
2022-04-27,7.267000198364258,7.343999862670898,6.800000190734863,6.857999801635742,155327
2022-04-28,6.888000011444092,7.421999931335449,6.879000186920166,7.394999980926514,139569
2022-04-29,7.24399995803833,7.335000038146973,6.804999828338623,6.939000129699707,109239
2022-05-02,7.474999904632568,7.617000102996826,7.218999862670898,7.4120001792907715,110917
2022-05-03,7.953999996185303,8.168999671936035,7.539000034332275,7.539999961853027,153339
2022-05-04,8.414999961853027,8.473999977111816,7.729000091552734,7.815000057220459,132317
2022-05-05,8.782999992370605,8.913000106811523,8.116999626159668,8.354999542236328,160163
2022-05-06,8.043000221252441,8.996000289916992,7.956999778747559,8.843000411987305,168297
2022-05-09,7.026000022888184,8.286999702453613,6.961999893188477,7.8429999351501465,202616
2022-05-10,7.385000228881836,7.4629998207092285,6.429999828338623,7.03000020980835,185464
2022-05-11,7.639999866485596,7.7210001945495605,7.296000003814697,7.311999797821045,120930
2022-05-12,7.738999843597412,7.789999961853027,7.255000114440918,7.63700008392334,107056
2022-05-13,7.663000106811523,7.919000148773193,7.514999866485596,7.672999858856201,85042
2022-05-16,7.955999851226807,8.182999610900879,7.663000106811523,7.699999809265137,93521
2022-05-17,8.303999900817871,8.371999740600586,8.015000343322754,8.015999794006348,76666
2022-05-18,8.368000030517578,8.54800033569336,8.15999984741211,8.317999839782715,80717
2022-05-19,8.307999610900879,8.5,7.90500020980835,8.239999771118164,90577
2022-05-20,8.083000183105469,8.189000129699707,7.836999893188477,8.112000465393066,85458
2022-05-23,8.744000434875488,8.821999549865723,7.85099983215332,8.079000473022461,65546
2022-05-24,8.795999526977539,8.930000305175781,8.604999542236328,8.72700023651123,31660
2022-05-25,8.970999717712402,9.39900016784668,8.765000343322754,8.831000328063965,37393
2022-05-26,8.907999992370605,9.401000022888184,8.78499984741211,8.984000205993652,163265
2022-05-27,8.72700023651123,8.895000457763672,8.28499984741211,8.810999870300293,107093
2022-05-31,8.145000457763672,8.916000366210938,8.118000030517578,8.87399959564209,125484
2022-06-01,8.696000099182129,8.791000366210938,8.145999908447266,8.270999908447266,111962
2022-06-02,8.484999656677246,9.057000160217285,8.376999855041504,8.782999992370605,119011
2022-06-03,8.52299976348877,8.692999839782715,8.267000198364258,8.411999702453613,75228
2022-06-06,9.321999549865723,9.399999618530273,8.732000350952148,8.75,129103
2022-06-07,9.293000221252441,9.543999671936035,9.199999809265137,9.359000205993652,140029
2022-06-08,8.699000358581543,9.663999557495117,8.427000045776367,9.335000038146973,250296
2022-06-09,8.963000297546387,9.03600025177002,8.015999794006348,8.628999710083008,244480
2022-06-10,8.850000381469727,9.14900016784668,8.621999740600586,8.996999740600586,134611
2022-06-13,8.609000205993652,8.949999809265137,8.381999969482422,8.920000076293945,167556
2022-06-14,7.189000129699707,8.888999938964844,7.007999897003174,8.685999870300293,273717
2022-06-15,7.420000076293945,7.697999954223633,7.201000213623047,7.269000053405762,123589
2022-06-16,7.464000225067139,8.027000427246094,7.329999923706055,7.539999961853027,137433
2022-06-17,6.943999767303467,7.5879998207092285,6.88100004196167,7.453999996185303,103759
2022-06-21,6.808000087738037,6.97599983215332,6.553999900817871,6.800000190734863,120010
2022-06-22,6.857999801635742,6.929999828338623,6.574999809265137,6.843999862670898,92473
2022-06-23,6.238999843597412,6.840000152587891,6.175000190734863,6.828999996185303,78031
2022-06-24,6.21999979019165,6.336999893188477,6.020999908447266,6.228000164031982,26571
2022-06-27,6.500999927520752,6.538000106811523,6.010000228881836,6.125999927520752,33103
2022-06-28,6.551000118255615,6.764999866485596,6.386000156402588,6.448999881744385,90792
2022-06-29,6.498000144958496,6.833000183105469,6.40500020980835,6.631999969482422,82205
2022-06-30,5.423999786376953,6.6020002365112305,5.35699987411499,6.427999973297119,182579
2022-07-01,5.730000019073486,5.949999809265137,5.590000152587891,5.701000213623047,106967
2022-07-05,5.5229997634887695,5.9070000648498535,5.324999809265137,5.711999893188477,110174
2022-07-06,5.510000228881836,5.736999988555908,5.380000114440918,5.460000038146973,73506
2022-07-07,6.296999931335449,6.38100004196167,5.48799991607666,5.539000034332275,127670
2022-07-08,6.033999919891357,6.304999828338623,6.01200008392334,6.188000202178955,107326
2022-07-11,6.426000118255615,6.689000129699707,6.23199987411499,6.446000099182129,109392
2022-07-12,6.163000106811523,6.785999774932861,6.013999938964844,6.525000095367432,132046
2022-07-13,6.689000129699707,6.797999858856201,6.201000213623047,6.251999855041504,116805
2022-07-14,6.599999904632568,6.8979997634887695,6.5370001792907715,6.5980000495910645,121044
2022-07-15,7.015999794006348,7.144000053405762,6.420000076293945,6.669000148773193,105875
2022-07-18,7.479000091552734,7.553999900817871,7.078000068664551,7.168000221252441,91133
2022-07-19,7.263999938964844,7.540999889373779,7.109000205993652,7.432000160217285,96160
2022-07-20,8.006999969482422,8.039999961853027,7.173999786376953,7.311999797821045,120860
2022-07-21,7.932000160217285,8.175999641418457,7.605999946594238,7.873000144958496,96422
2022-07-22,8.298999786376953,8.416999816894531,7.75,7.892000198364258,52813
2022-07-25,8.72700023651123,8.87399959564209,8.347000122070312,8.390000343322754,33164
2022-07-26,8.993000030517578,9.751999855041504,8.75,8.814000129699707,38204
2022-07-27,8.687000274658203,9.137999534606934,8.487000465393066,8.880999565124512,105217
2022-07-28,8.133999824523926,8.845000267028809,8.102999687194824,8.579999923706055,89237
2022-07-29,8.229000091552734,8.387999534606934,8.010000228881836,8.154999732971191,77774
2022-08-01,8.282999992370605,8.29800033569336,7.752999782562256,7.909999847412109,104021
2022-08-02,7.705999851226807,8.232999801635742,7.625,8.227999687194824,106080
2022-08-03,8.265999794006348,8.479999542236328,7.550000190734863,7.671000003814697,134210
2022-08-04,8.121999740600586,8.449999809265137,7.824999809265137,8.281000137329102,102540
2022-08-05,8.064000129699707,8.248000144958496,7.8979997634887695,8.151000022888184,111704
2022-08-08,7.589000225067139,7.916999816894531,7.5320000648498535,7.875999927520752,117789
2022-08-09,7.833000183105469,7.888999938964844,7.623000144958496,7.665999889373779,88511
2022-08-10,8.20199966430664,8.267000198364258,7.704999923706055,7.857999801635742,111811
2022-08-11,8.87399959564209,8.994000434875488,8.178000450134277,8.222000122070312,141751
2022-08-12,8.767999649047852,8.918999671936035,8.515999794006348,8.717000007629395,68126
2022-08-15,8.727999687194824,8.935999870300293,8.402999877929688,8.678999900817871,80221
2022-08-16,9.329000473022461,9.41100025177002,8.78499984741211,8.809000015258789,104087
2022-08-17,9.244000434875488,9.677000045776367,9.121000289916992,9.362000465393066,88675
2022-08-18,9.187999725341797,9.663000106811523,8.913000106811523,9.166000366210938,112102
2022-08-19,9.336000442504883,9.395000457763672,8.869999885559082,9.201000213623047,69809
2022-08-22,9.680000305175781,9.982000350952148,9.157999992370605,9.173999786376953,92412
2022-08-23,9.192999839782715,10.027999877929688,9.050000190734863,9.817000389099121,118634
2022-08-24,9.329999923706055,9.454999923706055,9.100000381469727,9.25,50496
2022-08-25,9.375,9.418999671936035,9.175000190734863,9.23900032043457,25827
2022-08-26,9.295999526977539,9.668000221252441,9.185999870300293,9.371999740600586,33977
2022-08-29,9.352999687194824,9.682000160217285,9.034000396728516,9.670000076293945,89284
2022-08-30,9.041999816894531,9.300000190734863,8.864999771118164,9.26200008392334,76599
2022-08-31,9.126999855041504,9.284000396728516,8.814000129699707,9.081999778747559,86294
2022-09-01,9.26200008392334,9.394000053405762,9.010000228881836,9.133000373840332,94244
2022-09-02,8.78600025177002,9.239999771118164,8.619000434875488,9.1899995803833,103166
2022-09-06,8.145000457763672,9.12600040435791,7.822999954223633,9.027999877929688,149360
2022-09-07,7.8420000076293945,8.298999786376953,7.750999927520752,8.038999557495117,127189
2022-09-08,7.914999961853027,8.064000129699707,7.771999835968018,7.841000080108643,105989
2022-09-09,7.995999813079834,8.204999923706055,7.888000011444092,7.974999904632568,90496
2022-09-12,8.24899959564209,8.406000137329102,7.855000019073486,8.026000022888184,106172
2022-09-13,8.284000396728516,8.456000328063965,8.154999732971191,8.380999565124512,108829
2022-09-14,9.11400032043457,9.23799991607666,8.324999809265137,8.390999794006348,137213
2022-09-15,8.324000358581543,9.116999626159668,8.204000473022461,9.072999954223633,127214
2022-09-16,7.763999938964844,8.319000244140625,7.7170000076293945,8.29800033569336,96572
2022-09-19,7.751999855041504,7.922999858856201,7.4039998054504395,7.736999988555908,87547
2022-09-20,7.7170000076293945,7.985000133514404,7.646999835968018,7.863999843597412,80107
2022-09-21,7.7789998054504395,8.123000144958496,7.559999942779541,7.735000133514404,98568
2022-09-22,7.089000225067139,7.776000022888184,7.060999870300293,7.730999946594238,136340
2022-09-23,6.828000068664551,7.2820000648498535,6.736999988555908,7.182000160217285,73669
2022-09-26,6.9029998779296875,6.96999979019165,6.526000022888184,6.843999862670898,24604
2022-09-27,6.651000022888184,7.119999885559082,6.617000102996826,6.935999870300293,36366
2022-09-28,6.868000030517578,6.901000022888184,6.455999851226807,6.665999889373779,98396
2022-09-29,6.874000072479248,7.138999938964844,6.598999977111816,7.0289998054504395,85719
2022-09-30,6.765999794006348,7.044000148773193,6.704999923706055,6.894999980926514,97372
2022-10-03,6.46999979019165,6.828999996185303,6.304999828338623,6.800000190734863,104483
2022-10-04,6.836999893188477,6.886000156402588,6.309999942779541,6.526000022888184,121681
2022-10-05,6.929999828338623,7.021999835968018,6.626999855041504,6.829999923706055,80869
2022-10-06,6.9720001220703125,7.188000202178955,6.855999946594238,6.921000003814697,109938
2022-10-07,6.748000144958496,6.926000118255615,6.599999904632568,6.855999946594238,124707
2022-10-10,6.434999942779541,6.901000022888184,6.410999774932861,6.646999835968018,114235
2022-10-11,6.5960001945495605,6.671000003814697,6.361999988555908,6.51200008392334,106885
2022-10-12,6.434999942779541,6.802999973297119,6.39900016784668,6.60099983215332,112382
2022-10-13,6.741000175476074,6.7769999504089355,6.336999893188477,6.439000129699707,131392
2022-10-14,6.453000068664551,6.742000102996826,6.408999919891357,6.684000015258789,96729
2022-10-17,5.999000072479248,6.314000129699707,5.9120001792907715,6.263000011444092,132424
2022-10-18,5.744999885559082,6.09499979019165,5.672999858856201,5.978000164031982,102085
2022-10-19,5.461999893188477,5.783999919891357,5.427000045776367,5.685999870300293,107157
2022-10-20,5.357999801635742,5.565000057220459,5.252999782562256,5.455999851226807,104216
2022-10-21,4.959000110626221,5.375,4.9029998779296875,5.322000026702881,101734
2022-10-24,5.198999881744385,5.258999824523926,4.75,4.96999979019165,69672
2022-10-25,5.61299991607666,5.739999771118164,5.11899995803833,5.186999797821045,39947
2022-10-26,5.605999946594238,5.748000144958496,5.3470001220703125,5.729000091552734,36778
2022-10-27,5.185999870300293,5.703000068664551,4.947999954223633,5.703000068664551,118808
2022-10-28,5.684000015258789,5.889999866485596,5.546999931335449,5.8480000495910645,84706
2022-10-31,6.355000019073486,6.400000095367432,5.822999954223633,5.831999778747559,128751
2022-11-01,5.714000225067139,6.309000015258789,5.613999843597412,6.269999980926514,136649
2022-11-02,6.26800012588501,6.302999973297119,5.7870001792907715,5.828999996185303,104854
2022-11-03,5.974999904632568,6.2179999351501465,5.874000072479248,6.202000141143799,98527
2022-11-04,6.400000095367432,6.510000228881836,5.89300012588501,5.934999942779541,117251
2022-11-07,6.943999767303467,7.2210001945495605,6.565999984741211,6.980000019073486,171262
2022-11-08,6.138000011444092,6.822999954223633,6.061999797821045,6.686999797821045,146540
2022-11-09,5.864999771118164,6.349999904632568,5.715000152587891,6.190000057220459,134654
2022-11-10,6.238999843597412,6.26200008392334,5.763999938964844,5.949999809265137,101637
2022-11-11,5.879000186920166,6.505000114440918,5.775000095367432,6.164999961853027,110492
2022-11-14,5.933000087738037,6.415999889373779,5.889999866485596,6.11899995803833,110910
2022-11-15,6.033999919891357,6.203000068664551,5.841000080108643,6.065000057220459,76925
2022-11-16,6.199999809265137,6.25,5.7270002365112305,6.138000011444092,112921
2022-11-17,6.36899995803833,6.546999931335449,6.1620001792907715,6.204999923706055,106768
2022-11-18,6.302999973297119,6.474999904632568,6.045000076293945,6.382999897003174,102563
2022-11-21,6.776000022888184,6.836999893188477,6.144999980926514,6.333000183105469,107821
2022-11-22,6.7789998054504395,6.97599983215332,6.456999778747559,6.703000068664551,73116
2022-11-23,7.308000087738037,7.604000091552734,6.88700008392334,6.900000095367432,59054
2022-11-25,7.02400016784668,7.400000095367432,6.800000190734863,7.331999778747559,35506
2022-11-28,6.711999893188477,6.980000019073486,6.5,6.869999885559082,105914
2022-11-29,7.235000133514404,7.421000003814697,7.0920000076293945,7.318999767303467,101680
2022-11-30,6.929999828338623,7.304999828338623,6.806000232696533,7.263999938964844,107306
2022-12-01,6.73799991607666,7.2129998207092285,6.708000183105469,6.966000080108643,94563
2022-12-02,6.281000137329102,6.839000225067139,6.2210001945495605,6.828999996185303,115609
2022-12-05,5.577000141143799,6.052000045776367,5.556000232696533,5.900000095367432,167674
2022-12-06,5.468999862670898,5.673999786376953,5.336999893188477,5.642000198364258,131231
2022-12-07,5.7230000495910645,5.849999904632568,5.382999897003174,5.388000011444092,172964
2022-12-08,5.961999893188477,6.164000034332275,5.769999980926514,5.814000129699707,154504
2022-12-09,6.244999885559082,6.390999794006348,5.794000148773193,5.929999828338623,160027
2022-12-12,6.586999893188477,7.058000087738037,6.486999988555908,6.949999809265137,171431
2022-12-13,6.934999942779541,7.105000019073486,6.499000072479248,6.533999919891357,168109
2022-12-14,6.429999828338623,6.960999965667725,6.336999893188477,6.951000213623047,139039
2022-12-15,6.96999979019165,7.035999774932861,6.357999801635742,6.370999813079834,139782
2022-12-16,6.599999904632568,6.888000011444092,6.218999862670898,6.888000011444092,116642
2022-12-19,5.85099983215332,6.275000095367432,5.764999866485596,6.1539998054504395,121279
2022-12-20,5.326000213623047,5.906000137329102,5.25600004196167,5.831999778747559,123996
2022-12-21,5.331999778747559,5.609000205993652,5.264999866485596,5.388999938964844,89444
2022-12-22,4.999000072479248,5.6529998779296875,4.974999904632568,5.465000152587891,66757
2022-12-23,5.078999996185303,5.244999885559082,4.824999809265137,5.0929999351501465,42105
2022-12-27,5.2820000648498535,5.367000102996826,5.080999851226807,5.2829999923706055,41154
2022-12-28,4.709000110626221,5.183000087738037,4.5879998207092285,5.183000087738037,115022
2022-12-29,4.559000015258789,4.789999961853027,4.421999931335449,4.767000198364258,78441
2022-12-30,4.474999904632568,4.614999771118164,4.377999782562256,4.558000087738037,62281
2023-01-03,3.98799991607666,4.394000053405762,3.8940000534057617,4.39300012588501,116837
2023-01-04,4.171999931335449,4.218999862670898,3.9000000953674316,4.007999897003174,99759
2023-01-05,3.7200000286102295,4.175000190734863,3.6510000228881836,4.15500020980835,116682
2023-01-06,3.7100000381469727,3.8389999866485596,3.5199999809265137,3.7639999389648438,105050
2023-01-09,3.9100000858306885,4.127999782562256,3.7809998989105225,3.809999942779541,130276
2023-01-10,3.6389999389648438,3.9110000133514404,3.5460000038146973,3.9110000133514404,112231
2023-01-11,3.6710000038146973,3.7769999504089355,3.421999931335449,3.575000047683716,133203
2023-01-12,3.694999933242798,3.946000099182129,3.6070001125335693,3.694000005722046,123743
2023-01-13,3.4189999103546143,3.759999990463257,3.384000062942505,3.677000045776367,112096
2023-01-17,3.5859999656677246,3.7890000343322754,3.5209999084472656,3.556999921798706,143310
2023-01-18,3.311000108718872,3.6440000534057617,3.2739999294281006,3.628000020980835,119853
2023-01-19,3.2750000953674316,3.3959999084472656,3.186000108718872,3.2929999828338623,99670
2023-01-20,3.1740000247955322,3.3889999389648438,3.0910000801086426,3.203000068664551,106735
2023-01-23,3.447000026702881,3.563999891281128,3.243000030517578,3.450000047683716,130377
2023-01-24,3.257999897003174,3.5950000286102295,3.2239999771118164,3.450000047683716,62585
2023-01-25,3.066999912261963,3.250999927520752,2.992000102996826,3.242000102996826,40750
2023-01-26,2.944000005722046,3.003000020980835,2.760999917984009,3.003000020980835,47669
2023-01-27,3.1089999675750732,3.1760001182556152,2.8320000171661377,2.875999927520752,128689
2023-01-30,2.677000045776367,2.7730000019073486,2.611999988555908,2.7200000286102295,167291
2023-01-31,2.684000015258789,2.753000020980835,2.614000082015991,2.684999942779541,145544
2023-02-01,2.4679999351501465,2.7799999713897705,2.4630000591278076,2.7300000190734863,210664
2023-02-02,2.4560000896453857,2.5969998836517334,2.430999994277954,2.503999948501587,160777
2023-02-03,2.4100000858306885,2.515000104904175,2.3410000801086426,2.4570000171661377,145394
2023-02-06,2.4570000171661377,2.5,2.365000009536743,2.421999931335449,138819
2023-02-07,2.5840001106262207,2.615000009536743,2.4230000972747803,2.499000072479248,228475
2023-02-08,2.3959999084472656,2.6570000648498535,2.367000102996826,2.5989999771118164,204605
2023-02-09,2.430000066757202,2.5290000438690186,2.3499999046325684,2.4110000133514404,227981
2023-02-10,2.5139999389648438,2.5889999866485596,2.4100000858306885,2.4639999866485596,230687
2023-02-13,2.4049999713897705,2.609999895095825,2.375999927520752,2.5799999237060547,251399
2023-02-14,2.566999912261963,2.622999906539917,2.4149999618530273,2.427000045776367,169804
2023-02-15,2.4709999561309814,2.6070001125335693,2.446000099182129,2.6029999256134033,147505
2023-02-16,2.3889999389648438,2.559000015258789,2.3580000400543213,2.4639999866485596,141459
2023-02-17,2.2750000953674316,2.4200000762939453,2.2200000286102295,2.3910000324249268,133999
2023-02-21,2.072999954223633,2.2950000762939453,2.056999921798706,2.2249999046325684,108507
2023-02-22,2.1740000247955322,2.302000045776367,1.9670000076293945,2.065999984741211,57853
2023-02-23,2.313999891281128,2.377000093460083,2.0950000286102295,2.1610000133514404,57085
2023-02-24,2.4509999752044678,2.5769999027252197,2.306999921798706,2.3450000286102295,168130
2023-02-27,2.7309999465942383,2.740000009536743,2.553999900817871,2.6500000953674316,238896
2023-02-28,2.746999979019165,2.7880001068115234,2.568000078201294,2.7230000495910645,160843
2023-03-01,2.811000108718872,2.8389999866485596,2.6640000343322754,2.7690000534057617,157116
2023-03-02,2.765000104904175,2.86299991607666,2.7100000381469727,2.811000108718872,134243
2023-03-03,3.009000062942505,3.0269999504089355,2.7720000743865967,2.7890000343322754,185066
2023-03-06,2.572000026702881,2.8299999237060547,2.5320000648498535,2.8299999237060547,246373
2023-03-07,2.687000036239624,2.697999954223633,2.50600004196167,2.6029999256134033,149484
2023-03-08,2.5510001182556152,2.694000005722046,2.5190000534057617,2.6619999408721924,132610
2023-03-09,2.5429999828338623,2.6440000534057617,2.4649999141693115,2.5899999141693115,138147
2023-03-10,2.430000066757202,2.562000036239624,2.424999952316284,2.49399995803833,127165
2023-03-13,2.6059999465942383,2.632999897003174,2.3910000324249268,2.4260001182556152,146573
2023-03-14,2.572999954223633,2.6740000247955322,2.5299999713897705,2.624000072479248,93916
2023-03-15,2.438999891281128,2.5950000286102295,2.384000062942505,2.5769999027252197,132196
2023-03-16,2.5139999389648438,2.553999900817871,2.428999900817871,2.4830000400543213,114147
2023-03-17,2.3380000591278076,2.5339999198913574,2.3269999027252197,2.5269999504089355,118455
2023-03-20,2.2230000495910645,2.427000045776367,2.2109999656677246,2.3469998836517334,110519
2023-03-21,2.3480000495910645,2.3580000400543213,2.127000093460083,2.246000051498413,138551
2023-03-22,2.1710000038146973,2.3259999752044678,2.1519999504089355,2.322000026702881,121562
2023-03-23,2.1540000438690186,2.260999917984009,2.135999917984009,2.2149999141693115,87692
2023-03-24,2.2160000801086426,2.23799991607666,2.1410000324249268,2.1530001163482666,55636
2023-03-27,2.0880000591278076,2.1429998874664307,2.059000015258789,2.130000114440918,39811
2023-03-28,2.0299999713897705,2.121999979019165,1.9980000257492065,2.0889999866485596,62598
2023-03-29,1.9910000562667847,2.0829999446868896,1.944000005722046,2.0239999294281006,155175
2023-03-30,2.1040000915527344,2.190000057220459,2.0799999237060547,2.183000087738037,153725
2023-03-31,2.2160000801086426,2.240999937057495,2.0739998817443848,2.1070001125335693,164651
2023-04-03,2.0969998836517334,2.1600000858306885,2.015000104904175,2.0850000381469727,173583
2023-04-04,2.1059999465942383,2.1659998893737793,2.0759999752044678,2.114000082015991,149115
2023-04-05,2.1549999713897705,2.197000026702881,2.065000057220459,2.0959999561309814,147112
2023-04-06,2.010999917984009,2.180999994277954,1.9919999837875366,2.1410000324249268,0
2023-04-10,2.171999931335449,2.2230000495910645,2.010999917984009,2.0190000534057617,256800
2023-04-11,2.186000108718872,2.246999979019165,2.125999927520752,2.181999921798706,220673
2023-04-12,2.0929999351501465,2.2290000915527344,2.069000005722046,2.2209999561309814,247319
2023-04-13,2.006999969482422,2.130000114440918,1.9950000047683716,2.0840001106262207,224382
2023-04-14,2.114000082015991,2.131999969482422,1.9459999799728394,2.015000104904175,226788
2023-04-17,2.2750000953674316,2.313999891281128,2.1459999084472656,2.1500000953674316,191441
2023-04-18,2.365999937057495,2.384999990463257,2.2290000915527344,2.2899999618530273,120611
2023-04-19,2.2219998836517334,2.382999897003174,2.177000045776367,2.372999906539917,147565
2023-04-20,2.249000072479248,2.2709999084472656,2.140000104904175,2.178999900817871,115594
2023-04-21,2.2330000400543213,2.2739999294281006,2.1640000343322754,2.191999912261963,82961
2023-04-24,2.2730000019073486,2.2860000133514404,2.180999994277954,2.2200000286102295,56324
2023-04-25,2.306999921798706,2.312000036239624,2.1700000762939453,2.26200008392334,66131
2023-04-26,2.117000102996826,2.2739999294281006,2.1010000705718994,2.239000082015991,149625
2023-04-27,2.3550000190734863,2.375999927520752,2.2679998874664307,2.313999891281128,105218
2023-04-28,2.4100000858306885,2.5290000438690186,2.2850000858306885,2.3580000400543213,176420
2023-05-01,2.318000078201294,2.4100000858306885,2.2899999618530273,2.3980000019073486,108993
2023-05-02,2.2139999866485596,2.3450000286102295,2.186000108718872,2.313999891281128,127225
2023-05-03,2.1700000762939453,2.240999937057495,2.1029999256134033,2.2239999771118164,130327
2023-05-04,2.1010000705718994,2.188999891281128,2.0810000896453857,2.1570000648498535,113278
2023-05-05,2.13700008392334,2.1670000553131104,2.0309998989105225,2.0859999656677246,120689
2023-05-08,2.23799991607666,2.255000114440918,2.140000104904175,2.1480000019073486,125345
2023-05-09,2.2669999599456787,2.296999931335449,2.184000015258789,2.249000072479248,134534
2023-05-10,2.190999984741211,2.265000104904175,2.1600000858306885,2.26200008392334,126485
2023-05-11,2.190000057220459,2.255000114440918,2.1649999618530273,2.181999921798706,119033
2023-05-12,2.2660000324249268,2.3350000381469727,2.1470000743865967,2.190999984741211,159351
2023-05-15,2.375,2.384000062942505,2.25,2.265000104904175,142753
2023-05-16,2.375999927520752,2.4700000286102295,2.3410000801086426,2.372999906539917,135427
2023-05-17,2.365000009536743,2.434999942779541,2.322000026702881,2.361999988555908,139262
2023-05-18,2.5920000076293945,2.634000062942505,2.3519999980926514,2.380000114440918,186293
2023-05-19,2.5850000381469727,2.684999942779541,2.556999921798706,2.615000009536743,162128
2023-05-22,2.4000000953674316,2.569000005722046,2.367000102996826,2.568000078201294,114478
2023-05-23,2.321000099182129,2.4070000648498535,2.318000078201294,2.4000000953674316,58742
2023-05-24,2.3980000019073486,2.4149999618530273,2.316999912261963,2.3469998836517334,33040
2023-05-25,2.306999921798706,2.440999984741211,2.257999897003174,2.4130001068115234,48663
2023-05-26,2.180999994277954,2.2980000972747803,2.1429998874664307,2.2920000553131104,140560
2023-05-30,2.3269999027252197,2.447999954223633,2.256999969482422,2.4170000553131104,183534
2023-05-31,2.2660000324249268,2.4100000858306885,2.246999979019165,2.319999933242798,151831
2023-06-01,2.1579999923706055,2.2829999923706055,2.135999917984009,2.255000114440918,210624
2023-06-02,2.171999931335449,2.2330000400543213,2.138000011444092,2.1630001068115234,155169
2023-06-05,2.244999885559082,2.316999912261963,2.184000015258789,2.2139999866485596,149918
2023-06-06,2.26200008392334,2.2909998893737793,2.1730000972747803,2.2720000743865967,147732
2023-06-07,2.3289999961853027,2.3459999561309814,2.25,2.2639999389648438,182391
2023-06-08,2.3519999980926514,2.380000114440918,2.2769999504089355,2.3340001106262207,217008
2023-06-09,2.253999948501587,2.3380000591278076,2.25,2.319999933242798,169479
2023-06-12,2.2660000324249268,2.3239998817443848,2.2060000896453857,2.303999900817871,174479
2023-06-13,2.3399999141693115,2.369999885559082,2.2750000953674316,2.2839999198913574,179755
2023-06-14,2.3420000076293945,2.390000104904175,2.2939999103546143,2.3320000171661377,141175
2023-06-15,2.5329999923706055,2.568000078201294,2.315000057220459,2.3459999561309814,260280
2023-06-16,2.631999969482422,2.6530001163482666,2.5220000743865967,2.552000045776367,194535
2023-06-20,2.492000102996826,2.696000099182129,2.4839999675750732,2.628999948501587,198217
2023-06-21,2.5969998836517334,2.6019999980926514,2.447999954223633,2.486999988555908,125413
2023-06-22,2.6080000400543213,2.631999969482422,2.5290000438690186,2.5899999141693115,109156
2023-06-23,2.7290000915527344,2.740000009536743,2.5199999809265137,2.611999988555908,84433
2023-06-26,2.7909998893737793,2.815999984741211,2.7200000286102295,2.757999897003174,31600
2023-06-27,2.763000011444092,2.809000015258789,2.7239999771118164,2.7769999504089355,71154
2023-06-28,2.6029999256134033,2.8389999866485596,2.5929999351501465,2.7880001068115234,137907
2023-06-29,2.7009999752044678,2.746000051498413,2.615999937057495,2.6619999408721924,118610
2023-06-30,2.7980000972747803,2.828000068664551,2.634000062942505,2.677000045776367,147265
2023-07-03,2.7090001106262207,2.746000051498413,2.6700000762939453,2.7290000915527344,79618
2023-07-05,2.6570000648498535,2.7929999828338623,2.6480000019073486,2.6989998817443848,124912
2023-07-06,2.6089999675750732,2.687000036239624,2.5859999656677246,2.6519999504089355,109301
2023-07-07,2.5820000171661377,2.674999952316284,2.5360000133514404,2.634999990463257,103593
2023-07-10,2.6689999103546143,2.691999912261963,2.569999933242798,2.569999933242798,124495
2023-07-11,2.7309999465942383,2.747999906539917,2.630000114440918,2.6670000553131104,130580
2023-07-12,2.631999969482422,2.75,2.618000030517578,2.739000082015991,149633
2023-07-13,2.5450000762939453,2.6659998893737793,2.5390000343322754,2.6589999198913574,148019
2023-07-14,2.5390000343322754,2.6059999465942383,2.492000102996826,2.558000087738037,134591
2023-07-17,2.51200008392334,2.5799999237060547,2.4839999675750732,2.5480000972747803,110913
2023-07-18,2.628999948501587,2.6470000743865967,2.5290000438690186,2.5369999408721924,134874
2023-07-19,2.6029999256134033,2.6570000648498535,2.5840001106262207,2.619999885559082,102069
2023-07-20,2.756999969482422,2.7890000343322754,2.617000102996826,2.628999948501587,165848
2023-07-21,2.7130000591278076,2.7860000133514404,2.687000036239624,2.74399995803833,94148
2023-07-24,2.684999942779541,2.7669999599456787,2.6640000343322754,2.7209999561309814,54167
2023-07-25,2.7300000190734863,2.753999948501587,2.6559998989105225,2.703000068664551,35545
2023-07-26,2.6649999618530273,2.739000082015991,2.625,2.7200000286102295,37310
2023-07-27,2.492000102996826,2.6500000953674316,2.4630000591278076,2.627000093460083,166760
2023-07-28,2.638000011444092,2.684999942779541,2.563999891281128,2.6019999980926514,136505
2023-07-31,2.634000062942505,2.693000078201294,2.6050000190734863,2.6589999198913574,97877
2023-08-01,2.559999942779541,2.674999952316284,2.5309998989105225,2.6440000534057617,135522
2023-08-02,2.4769999980926514,2.5810000896453857,2.4570000171661377,2.578000068664551,147612
2023-08-03,2.565000057220459,2.5859999656677246,2.4739999771118164,2.4839999675750732,139151
2023-08-04,2.5769999027252197,2.61899995803833,2.5290000438690186,2.555999994277954,104012
2023-08-07,2.7249999046325684,2.753999948501587,2.571000099182129,2.5789999961853027,228905
2023-08-08,2.7769999504089355,2.8010001182556152,2.691999912261963,2.734999895095825,186795
2023-08-09,2.9590001106262207,3.0179998874664307,2.7709999084472656,2.796999931335449,312252
2023-08-10,2.763000011444092,2.997999906539917,2.746999979019165,2.9739999771118164,230514
2023-08-11,2.7699999809265137,2.8329999446868896,2.7009999752044678,2.7799999713897705,163958
2023-08-14,2.7950000762939453,2.8269999027252197,2.749000072479248,2.7760000228881836,93502
2023-08-15,2.6589999198913574,2.86299991607666,2.6470000743865967,2.809999942779541,158887
2023-08-16,2.5920000076293945,2.6740000247955322,2.568000078201294,2.6640000343322754,142515
2023-08-17,2.621000051498413,2.6700000762939453,2.575000047683716,2.6050000190734863,119544
2023-08-18,2.5510001182556152,2.635999917984009,2.5239999294281006,2.622999906539917,128027
2023-08-21,2.631999969482422,2.6600000858306885,2.555000066757202,2.559999942779541,102634
2023-08-22,2.559999942779541,2.635999917984009,2.5399999618530273,2.618000030517578,111965
2023-08-23,2.496999979019165,2.5899999141693115,2.4730000495910645,2.559999942779541,93844
2023-08-24,2.5190000534057617,2.565000057220459,2.424999952316284,2.4839999675750732,76080
2023-08-25,2.5399999618530273,2.555000066757202,2.4679999351501465,2.5169999599456787,31329
2023-08-28,2.5789999961853027,2.694999933242798,2.5439999103546143,2.634999990463257,58220
2023-08-29,2.555999994277954,2.5989999771118164,2.515000104904175,2.5789999961853027,145380
2023-08-30,2.7960000038146973,2.812999963760376,2.6470000743865967,2.680000066757202,146876
2023-08-31,2.7679998874664307,2.865000009536743,2.7079999446868896,2.802999973297119,176016
2023-09-01,2.765000104904175,2.859999895095825,2.734999895095825,2.765000104904175,127248
2023-09-05,2.5820000171661377,2.7079999446868896,2.565999984741211,2.700000047683716,178329
2023-09-06,2.509999990463257,2.614000082015991,2.503000020980835,2.5840001106262207,116663
2023-09-07,2.5789999961853027,2.614000082015991,2.5,2.5160000324249268,140334
2023-09-08,2.6050000190734863,2.6589999198913574,2.572000026702881,2.5789999961853027,101228
2023-09-11,2.6080000400543213,2.6389999389648438,2.5409998893737793,2.609999895095825,110879
2023-09-12,2.743000030517578,2.7820000648498535,2.6040000915527344,2.619999885559082,202189
2023-09-13,2.680000066757202,2.7769999504089355,2.640000104904175,2.746999979019165,191712
2023-09-14,2.7079999446868896,2.822999954223633,2.697000026702881,2.7149999141693115,154082
2023-09-15,2.6440000534057617,2.7360000610351562,2.63700008392334,2.7039999961853027,127780
2023-09-18,2.7279999256134033,2.744999885559082,2.5999999046325684,2.624000072479248,128308
2023-09-19,2.8480000495910645,2.871999979019165,2.7100000381469727,2.7290000915527344,164806
2023-09-20,2.7330000400543213,2.8239998817443848,2.693000078201294,2.819000005722046,140309
2023-09-21,2.609999895095825,2.759000062942505,2.5950000286102295,2.7320001125335693,99971
2023-09-22,2.63700008392334,2.683000087738037,2.6019999980926514,2.624000072479248,52641
2023-09-25,2.6389999389648438,2.6710000038146973,2.6059999465942383,2.6570000648498535,36175
2023-09-26,2.6559998989105225,2.6670000553131104,2.552000045776367,2.638000011444092,57087
2023-09-27,2.7639999389648438,2.7809998989105225,2.640000104904175,2.6559998989105225,136011
2023-09-28,2.944999933242798,2.9809999465942383,2.868000030517578,2.8910000324249268,123674
2023-09-29,2.928999900817871,2.996999979019165,2.8550000190734863,2.9489998817443848,114663
2023-10-02,2.8399999141693115,2.9579999446868896,2.8350000381469727,2.9579999446868896,124338
2023-10-03,2.9489998817443848,2.9660000801086426,2.819999933242798,2.8420000076293945,128578
2023-10-04,2.9619998931884766,3.055000066757202,2.934999942779541,2.940000057220459,155568
2023-10-05,3.1659998893737793,3.2049999237060547,2.9649999141693115,2.98799991607666,220407
2023-10-06,3.3380000591278076,3.364000082015991,3.1659998893737793,3.183000087738037,247997
2023-10-09,3.375999927520752,3.4709999561309814,3.322000026702881,3.3499999046325684,208300
2023-10-10,3.381999969482422,3.4489998817443848,3.3359999656677246,3.371000051498413,170101
2023-10-11,3.377000093460083,3.4539999961853027,3.2249999046325684,3.4049999713897705,211414
2023-10-12,3.3440001010894775,3.427999973297119,3.2990000247955322,3.384999990463257,160315
2023-10-13,3.2360000610351562,3.3480000495910645,3.203000068664551,3.3459999561309814,139194
2023-10-16,3.1089999675750732,3.184999942779541,3.052999973297119,3.184999942779541,165019
2023-10-17,3.0789999961853027,3.13700008392334,3.0239999294281006,3.124000072479248,133591
2023-10-18,3.055999994277954,3.1579999923706055,3.0369999408721924,3.061000108718872,122851
2023-10-19,2.9570000171661377,3.0920000076293945,2.943000078201294,3.072000026702881,138650
2023-10-20,2.8989999294281006,2.9769999980926514,2.880000114440918,2.9590001106262207,144044
2023-10-23,2.9260001182556152,2.9509999752044678,2.8610000610351562,2.9049999713897705,99128
2023-10-24,2.9709999561309814,2.996999979019165,2.875999927520752,2.9179999828338623,65427
2023-10-25,3.009999990463257,3.0339999198913574,2.9539999961853027,2.9749999046325684,31461
2023-10-26,3.2139999866485596,3.2790000438690186,2.9769999980926514,3.0280001163482666,88611
2023-10-27,3.1640000343322754,3.4010000228881836,3.135999917984009,3.250999927520752,140955
2023-10-30,3.3519999980926514,3.4049999713897705,3.321000099182129,3.4000000953674316,119526
2023-10-31,3.575000047683716,3.630000114440918,3.318000078201294,3.3299999237060547,238330
2023-11-01,3.49399995803833,3.6080000400543213,3.427999973297119,3.5999999046325684,151262
2023-11-02,3.4719998836517334,3.5199999809265137,3.4010000228881836,3.50600004196167,118508
2023-11-03,3.515000104904175,3.5759999752044678,3.4519999027252197,3.509999990463257,110113
2023-11-06,3.2639999389648438,3.4070000648498535,3.249000072479248,3.372999906539917,185742
2023-11-07,3.140000104904175,3.2950000762939453,3.0989999771118164,3.2730000019073486,186182
2023-11-08,3.1059999465942383,3.187999963760376,3.058000087738037,3.1760001182556152,172750
2023-11-09,3.0409998893737793,3.1619999408721924,3.0220000743865967,3.121999979019165,142578
2023-11-10,3.0329999923706055,3.0769999027252197,2.989000082015991,3.0380001068115234,106720
2023-11-13,3.197000026702881,3.246000051498413,3.061000108718872,3.063999891281128,165652
2023-11-14,3.1059999465942383,3.2639999389648438,3.0859999656677246,3.2330000400543213,146724
2023-11-15,3.190000057220459,3.2750000953674316,3.069999933242798,3.1059999465942383,153744
2023-11-16,3.062000036239624,3.265000104904175,3.0280001163482666,3.1510000228881836,179663
2023-11-17,2.9600000381469727,3.111999988555908,2.8929998874664307,3.055000066757202,159777
2023-11-20,2.881999969482422,2.9579999446868896,2.864000082015991,2.9570000171661377,113704
2023-11-21,2.8459999561309814,2.9210000038146973,2.8410000801086426,2.885999917984009,103671
2023-11-22,2.8970000743865967,2.921999931335449,2.819000005722046,2.867000102996826,59224
2023-11-23,2.934000015258789,2.937999963760376,2.8589999675750732,2.8970000743865967,59224
2023-11-24,2.8550000190734863,2.9509999752044678,2.7980000972747803,2.8970000743865967,34118
2023-11-27,2.7939999103546143,2.819999933242798,2.7090001106262207,2.7780001163482666,67039
2023-11-28,2.7060000896453857,2.815000057220459,2.6689999103546143,2.7899999618530273,187190
2023-11-29,2.803999900817871,2.869999885559082,2.759999990463257,2.7920000553131104,141591
2023-11-30,2.802000045776367,2.8550000190734863,2.760999917984009,2.7990000247955322,147752
2023-12-01,2.813999891281128,2.8440001010894775,2.753999948501587,2.809000015258789,133190
2023-12-04,2.694000005722046,2.752000093460083,2.6489999294281006,2.7279999256134033,161786
2023-12-05,2.7100000381469727,2.7860000133514404,2.674999952316284,2.6989998817443848,119974
2023-12-06,2.569000005722046,2.756999969482422,2.5409998893737793,2.6989998817443848,218374
2023-12-07,2.5850000381469727,2.621000051498413,2.489000082015991,2.569000005722046,248396
2023-12-08,2.5810000896453857,2.609999895095825,2.5380001068115234,2.559000015258789,190998
2023-12-11,2.430999994277954,2.490000009536743,2.2939999103546143,2.490000009536743,330300
2023-12-12,2.311000108718872,2.4609999656677246,2.2760000228881836,2.437999963760376,223455
2023-12-13,2.3350000381469727,2.384999990463257,2.234999895095825,2.2780001163482666,255188
2023-12-14,2.3919999599456787,2.421999931335449,2.328000068664551,2.3529999256134033,159486
2023-12-15,2.490999937057495,2.5439999103546143,2.380000114440918,2.4079999923706055,189244
2023-12-18,2.503000020980835,2.5969998836517334,2.48799991607666,2.503000020980835,154295
2023-12-19,2.492000102996826,2.565000057220459,2.384999990463257,2.5190000534057617,170435
2023-12-20,2.447000026702881,2.5899999141693115,2.4100000858306885,2.556999921798706,125263
2023-12-21,2.572000026702881,2.6040000915527344,2.4079999923706055,2.427000045776367,84545
2023-12-22,2.609999895095825,2.619999885559082,2.5280001163482666,2.5840001106262207,42835
2023-12-26,2.549999952316284,2.5810000896453857,2.4539999961853027,2.5450000762939453,50762
2023-12-27,2.61899995803833,2.7219998836517334,2.562000036239624,2.5799999237060547,129265
2023-12-28,2.556999921798706,2.5759999752044678,2.4119999408721924,2.4549999237060547,116059
2023-12-29,2.5139999389648438,2.561000108718872,2.489000082015991,2.5390000343322754,89598
2024-01-02,2.568000078201294,2.674999952316284,2.5239999294281006,2.6050000190734863,132454
2024-01-03,2.6679999828338623,2.7190001010894775,2.5369999408721924,2.575000047683716,166472
2024-01-04,2.821000099182129,2.86299991607666,2.680999994277954,2.687999963760376,206311
2024-01-05,2.8929998874664307,2.9059998989105225,2.680999994277954,2.8450000286102295,187503
2024-01-08,2.9800000190734863,3.01200008392334,2.694000005722046,2.950000047683716,237672
2024-01-09,3.190000057220459,3.3919999599456787,2.884000062942505,2.943000078201294,351780
2024-01-10,3.0390000343322754,3.2260000705718994,2.9560000896453857,3.1670000553131104,258013
2024-01-11,3.0969998836517334,3.2309999465942383,2.944999933242798,3.0290000438690186,235033
2024-01-12,3.312999963760376,3.377000093460083,3.1019999980926514,3.118000030517578,265883
2024-01-16,2.9000000953674316,3.188999891281128,2.822000026702881,3.11299991607666,228164
2024-01-17,2.869999885559082,2.9579999446868896,2.75600004196167,2.8429999351501465,150330
2024-01-18,2.697000026702881,2.9600000381469727,2.6659998893737793,2.875999927520752,151819
2024-01-19,2.5190000534057617,2.7139999866485596,2.5139999389648438,2.7119998931884766,138427
2024-01-22,2.4189999103546143,2.4700000286102295,2.311000108718872,2.380000114440918,121583
2024-01-23,2.450000047683716,2.49399995803833,2.325000047683716,2.437000036239624,69155
2024-01-24,2.6410000324249268,2.696000099182129,2.494999885559082,2.497999906539917,65497
2024-01-25,2.571000099182129,2.884000062942505,2.5260000228881836,2.683000087738037,44984
2024-01-26,2.7119998931884766,2.803999900817871,2.4240000247955322,2.6070001125335693,73015
2024-01-29,2.490000009536743,2.759999990463257,2.4110000133514404,2.680000066757202,164621
2024-01-30,2.0769999027252197,2.11899995803833,2.0460000038146973,2.059999942779541,139745
2024-01-31,2.0999999046325684,2.1579999923706055,2.0369999408721924,2.0899999141693115,142856
2024-02-01,2.049999952316284,2.1679999828338623,2.0329999923706055,2.134000062942505,161340
2024-02-02,2.0789999961853027,2.0999999046325684,2.0209999084472656,2.053999900817871,125062
2024-02-05,2.0820000171661377,2.127000093460083,2.0409998893737793,2.109999895095825,136031
2024-02-06,2.009000062942505,2.1019999980926514,1.996999979019165,2.068000078201294,137680
2024-02-07,1.9670000076293945,2.0399999618530273,1.9559999704360962,2.003000020980835,204064
2024-02-08,1.9170000553131104,1.9930000305175781,1.8669999837875366,1.9700000286102295,237169
2024-02-09,1.847000002861023,1.8849999904632568,1.8170000314712524,1.8849999904632568,247314
2024-02-12,1.7680000066757202,1.8630000352859497,1.7319999933242798,1.8049999475479126,242152
2024-02-13,1.6890000104904175,1.7860000133514404,1.6540000438690186,1.753999948501587,286586
2024-02-14,1.6089999675750732,1.684999942779541,1.590000033378601,1.6690000295639038,208956
2024-02-15,1.5809999704360962,1.6690000295639038,1.5729999542236328,1.6109999418258667,183342
2024-02-16,1.6089999675750732,1.6369999647140503,1.5750000476837158,1.5889999866485596,170384
2024-02-20,1.5759999752044678,1.7089999914169312,1.5219999551773071,1.5329999923706055,201471
2024-02-21,1.7730000019073486,1.7920000553131104,1.6770000457763672,1.718999981880188,170658
2024-02-22,1.7319999933242798,1.784000039100647,1.6610000133514404,1.784000039100647,87803
2024-02-23,1.6030000448226929,1.722000002861023,1.5809999704360962,1.722000002861023,47590
2024-02-26,1.659000039100647,1.7300000190734863,1.593999981880188,1.659999966621399,110505
2024-02-27,1.6150000095367432,1.7200000286102295,1.5110000371932983,1.625,179943
2024-02-28,1.8849999904632568,1.906000018119812,1.781999945640564,1.8170000314712524,149429
2024-02-29,1.8600000143051147,1.9179999828338623,1.8289999961853027,1.8680000305175781,141543
2024-03-01,1.8350000381469727,1.8880000114440918,1.809999942779541,1.8519999980926514,105501
2024-03-04,1.9160000085830688,1.9889999628067017,1.8700000047683716,1.8730000257492065,185412
2024-03-05,1.9570000171661377,2.009000062942505,1.8899999856948853,1.9279999732971191,142113
2024-03-06,1.9290000200271606,1.9830000400543213,1.9210000038146973,1.9500000476837158,107219
2024-03-07,1.8179999589920044,1.9550000429153442,1.781999945640564,1.9290000200271606,173658
2024-03-08,1.8049999475479126,1.8370000123977661,1.7549999952316284,1.7960000038146973,143794
2024-03-11,1.7589999437332153,1.840999960899353,1.746000051498413,1.8049999475479126,159954
2024-03-12,1.7139999866485596,1.8229999542236328,1.690999984741211,1.7580000162124634,199589
2024-03-13,1.6579999923706055,1.7170000076293945,1.6510000228881836,1.7130000591278076,176633
2024-03-14,1.7410000562667847,1.7669999599456787,1.6430000066757202,1.6679999828338623,168141
2024-03-15,1.6549999713897705,1.7740000486373901,1.6460000276565552,1.7569999694824219,154729
2024-03-18,1.7029999494552612,1.7619999647140503,1.684000015258789,1.6890000104904175,137349
2024-03-19,1.74399995803833,1.7690000534057617,1.7009999752044678,1.7170000076293945,128064
2024-03-20,1.6990000009536743,1.7649999856948853,1.6859999895095825,1.75,115068
2024-03-21,1.6829999685287476,1.7130000591278076,1.6510000228881836,1.6990000009536743,77701
2024-03-22,1.659000039100647,1.7120000123977661,1.6469999551773071,1.684000015258789,44514
2024-03-25,1.6150000095367432,1.6749999523162842,1.5889999866485596,1.6640000343322754,84776
2024-03-26,1.5750000476837158,1.6469999551773071,1.4809999465942383,1.6080000400543213,123173
2024-03-27,1.718000054359436,1.7890000343322754,1.7039999961853027,1.7890000343322754,144888
2024-03-28,1.7630000114440918,1.7860000133514404,1.6859999895095825,1.7170000076293945,155745
2024-04-01,1.8370000123977661,1.8530000448226929,1.7059999704360962,1.7549999952316284,169145
2024-04-02,1.8619999885559082,1.88100004196167,1.777999997138977,1.8370000123977661,170434
2024-04-03,1.840999960899353,1.906000018119812,1.8359999656677246,1.8519999980926514,133034
2024-04-04,1.7740000486373901,1.8530000448226929,1.7690000534057617,1.843999981880188,179437
2024-04-05,1.784999966621399,1.8229999542236328,1.7549999952316284,1.7790000438690186,191179
2024-04-08,1.843999981880188,1.850000023841858,1.746000051498413,1.7699999809265137,216676
2024-04-09,1.871999979019165,1.9240000247955322,1.8380000591278076,1.847000002861023,215016
2024-04-10,1.8849999904632568,1.9429999589920044,1.8669999837875366,1.8880000114440918,174388
2024-04-11,1.7640000581741333,1.8919999599456787,1.753999948501587,1.8739999532699585,230318
2024-04-12,1.7699999809265137,1.784999966621399,1.7309999465942383,1.7669999599456787,162917
2024-04-15,1.690999984741211,1.7920000553131104,1.6779999732971191,1.7719999551773071,170569
2024-04-16,1.7319999933242798,1.8020000457763672,1.6490000486373901,1.6950000524520874,231556
2024-04-17,1.7120000123977661,1.7239999771118164,1.659999966621399,1.6799999475479126,152348
2024-04-18,1.7569999694824219,1.7799999713897705,1.7130000591278076,1.722000002861023,160729
2024-04-19,1.7519999742507935,1.805999994277954,1.7239999771118164,1.7410000562667847,154111
2024-04-22,1.7910000085830688,1.7999999523162842,1.7209999561309814,1.7649999856948853,107242
2024-04-23,1.812000036239624,1.8480000495910645,1.7450000047683716,1.7979999780654907,71346
2024-04-24,1.652999997138977,1.840000033378601,1.6339999437332153,1.8359999656677246,58154
2024-04-25,1.6380000114440918,1.6749999523162842,1.5829999446868896,1.6440000534057617,75479
2024-04-26,1.6139999628067017,1.628000020980835,1.4819999933242798,1.621999979019165,119516
2024-04-29,2.0299999713897705,2.055999994277954,1.9160000085830688,1.9229999780654907,158855
2024-04-30,1.9910000562667847,2.0920000076293945,1.9509999752044678,2.049999952316284,150370
2024-05-01,1.9320000410079956,1.9700000286102295,1.9129999876022339,1.9539999961853027,135918
2024-05-02,2.0350000858306885,2.049999952316284,1.9270000457763672,1.930999994277954,153739
2024-05-03,2.1419999599456787,2.1600000858306885,2.01200008392334,2.0309998989105225,209456
2024-05-06,2.194999933242798,2.26200008392334,2.132999897003174,2.1700000762939453,196381
2024-05-07,2.2070000171661377,2.2300000190734863,2.1419999599456787,2.2060000896453857,149430
2024-05-08,2.187000036239624,2.2739999294281006,2.1670000553131104,2.2190001010894775,149910
2024-05-09,2.3010001182556152,2.315999984741211,2.1530001163482666,2.186000108718872,207677
2024-05-10,2.252000093460083,2.3440001010894775,2.242000102996826,2.306999921798706,142992
2024-05-13,2.38100004196167,2.384000062942505,2.2139999866485596,2.25,164690
2024-05-14,2.3440001010894775,2.3970000743865967,2.305999994277954,2.361999988555908,147573
2024-05-15,2.4159998893737793,2.4240000247955322,2.312999963760376,2.3429999351501465,180743
2024-05-16,2.494999885559082,2.575000047683716,2.3889999389648438,2.4049999713897705,229617
2024-05-17,2.625999927520752,2.6540000438690186,2.484999895095825,2.486999988555908,185798
2024-05-20,2.750999927520752,2.75600004196167,2.625,2.6589999198913574,211255
2024-05-21,2.6710000038146973,2.7980000972747803,2.640000104904175,2.7330000400543213,174162
2024-05-22,2.8420000076293945,2.8510000705718994,2.6089999675750732,2.6649999618530273,184820
2024-05-23,2.6570000648498535,2.9240000247955322,2.640000104904175,2.7990000247955322,116689
2024-05-24,2.5199999809265137,2.7090001106262207,2.493000030517578,2.6760001182556152,51814
2024-05-28,2.5899999141693115,2.621000051498413,2.4749999046325684,2.503000020980835,86031
2024-05-29,2.493000030517578,2.6689999103546143,2.4170000553131104,2.5940001010894775,161403
2024-05-30,2.572000026702881,2.681999921798706,2.562000036239624,2.6619999408721924,160060
2024-05-31,2.5869998931884766,2.624000072479248,2.5179998874664307,2.569999933242798,139119
2024-06-03,2.75600004196167,2.7990000247955322,2.628000020980835,2.6449999809265137,233692
2024-06-04,2.5859999656677246,2.8289999961853027,2.572999954223633,2.7720000743865967,221922
2024-06-05,2.756999969482422,2.7869999408721924,2.6050000190734863,2.617000102996826,201665
2024-06-06,2.821000099182129,2.877000093460083,2.7239999771118164,2.76200008392334,194237
2024-06-07,2.9179999828338623,2.9670000076293945,2.7909998893737793,2.813999891281128,209110
2024-06-10,2.9059998989105225,3.0959999561309814,2.861999988555908,2.9800000190734863,269719
2024-06-11,3.128999948501587,3.1589999198913574,2.9660000801086426,2.984999895095825,227818
2024-06-12,3.0450000762939453,3.131999969482422,2.994999885559082,3.130000114440918,224795
2024-06-13,2.9590001106262207,3.0910000801086426,2.8980000019073486,3.0280001163482666,209730
2024-06-14,2.88100004196167,3.0,2.869999885559082,2.9210000038146973,154123
2024-06-17,2.7880001068115234,2.8480000495910645,2.759000062942505,2.8459999561309814,152241
2024-06-18,2.9089999198913574,2.9159998893737793,2.7720000743865967,2.7720000743865967,147414
2024-06-20,2.740999937057495,2.947999954223633,2.7230000495910645,2.9030001163482666,186686
2024-06-21,2.7049999237060547,2.7699999809265137,2.671999931335449,2.7249999046325684,79372
2024-06-24,2.811000108718872,2.8340001106262207,2.634999990463257,2.6700000762939453,45418
2024-06-25,2.75600004196167,2.8440001010894775,2.6989998817443848,2.815999984741211,78233
2024-06-26,2.628000020980835,2.746000051498413,2.61299991607666,2.736999988555908,141345
2024-06-27,2.684999942779541,2.7839999198913574,2.6730000972747803,2.7339999675750732,139995
2024-06-28,2.6010000705718994,2.765000104904175,2.5940001010894775,2.7019999027252197,151326
2024-07-01,2.4779999256134033,2.6019999980926514,2.4709999561309814,2.5759999752044678,181931
2024-07-02,2.434999942779541,2.4839999675750732,2.4149999618530273,2.4760000705718994,154263
2024-07-03,2.4179999828338623,2.4800000190734863,2.4100000858306885,2.4660000801086426,125894
2024-07-05,2.319000005722046,2.440000057220459,2.315000057220459,2.4210000038146973,156544
2024-07-08,2.365999937057495,2.390000104904175,2.2679998874664307,2.2699999809265137,162309
2024-07-09,2.3440001010894775,2.447999954223633,2.3310000896453857,2.372999906539917,155187
2024-07-10,2.3289999961853027,2.384999990463257,2.2920000553131104,2.3459999561309814,146358
2024-07-11,2.2679998874664307,2.3429999351501465,2.260999917984009,2.3259999752044678,122365
2024-07-12,2.3289999961853027,2.3499999046325684,2.249000072479248,2.2669999599456787,129723
2024-07-15,2.1579999923706055,2.2850000858306885,2.1470000743865967,2.2730000019073486,189516
2024-07-16,2.187999963760376,2.2179999351501465,2.1489999294281006,2.1700000762939453,131219
2024-07-17,2.0350000858306885,2.2079999446868896,2.015000104904175,2.180999994277954,212196
2024-07-18,2.125,2.134000062942505,2.0239999294281006,2.046999931335449,159464
2024-07-19,2.128000020980835,2.1429998874664307,2.056999921798706,2.0889999866485596,101992
2024-07-22,2.250999927520752,2.2699999809265137,2.0899999141693115,2.1040000915527344,148699
2024-07-23,2.187000036239624,2.265000104904175,2.122999906539917,2.244999885559082,112276
2024-07-24,2.117000102996826,2.1700000762939453,2.1019999980926514,2.1530001163482666,65013
2024-07-25,2.0409998893737793,2.1549999713897705,2.0350000858306885,2.125999927520752,44964
2024-07-26,2.00600004196167,2.0840001106262207,1.99399995803833,2.052000045776367,58506
2024-07-29,1.906999945640564,2.055999994277954,1.8559999465942383,2.0160000324249268,162676
2024-07-30,2.125999927520752,2.134999990463257,1.9910000562667847,2.065000057220459,157477
2024-07-31,2.0360000133514404,2.1489999294281006,2.0230000019073486,2.119999885559082,167713
2024-08-01,1.968000054359436,2.125999927520752,1.965000033378601,2.0460000038146973,215979
2024-08-02,1.9670000076293945,2.0230000019073486,1.9199999570846558,1.9850000143051147,164207
2024-08-05,1.9420000314712524,1.9739999771118164,1.8819999694824219,1.9500000476837158,150595
2024-08-06,2.009999990463257,2.0329999923706055,1.899999976158142,1.9570000171661377,154471
2024-08-07,2.111999988555908,2.119999885559082,2.009999990463257,2.0250000953674316,226781
2024-08-08,2.127000093460083,2.178999900817871,2.0280001163482666,2.0999999046325684,232204
2024-08-09,2.1429998874664307,2.187000036239624,2.1040000915527344,2.1510000228881836,183426
2024-08-12,2.188999891281128,2.25600004196167,2.1549999713897705,2.1730000972747803,181250
2024-08-13,2.1480000019073486,2.239000082015991,2.134000062942505,2.174999952316284,202099
2024-08-14,2.2190001010894775,2.2760000228881836,2.1440000534057617,2.1600000858306885,189925
2024-08-15,2.197000026702881,2.3010001182556152,2.188999891281128,2.2279999256134033,165423
2024-08-16,2.122999906539917,2.2160000801086426,2.1110000610351562,2.2049999237060547,140820
2024-08-19,2.234999895095825,2.253999948501587,2.0969998836517334,2.125,179074
2024-08-20,2.197999954223633,2.2780001163482666,2.1730000972747803,2.246000051498413,129952
2024-08-21,2.177000045776367,2.2279999256134033,2.13100004196167,2.2009999752044678,124659
2024-08-22,2.052999973297119,2.200000047683716,2.0309998989105225,2.187999963760376,153777
2024-08-23,2.0220000743865967,2.0739998817443848,2.005000114440918,2.061000108718872,62492
2024-08-26,1.9559999704360962,2.0220000743865967,1.944000005722046,2.003999948501587,50432
2024-08-27,1.9040000438690186,1.9739999771118164,1.875,1.9559999704360962,68871
2024-08-28,1.9299999475479126,2.0,1.8559999465942383,1.9240000247955322,165219
2024-08-29,2.13700008392334,2.1489999294281006,2.0260000228881836,2.0969998836517334,154737
2024-08-30,2.127000093460083,2.1710000038146973,2.0929999351501465,2.1449999809265137,131106
2024-09-03,2.203000068664551,2.2249999046325684,2.075000047683716,2.1459999084472656,221115
2024-09-04,2.1449999809265137,2.2699999809265137,2.13100004196167,2.197000026702881,150022
2024-09-05,2.253999948501587,2.2860000133514404,2.117000102996826,2.1389999389648438,196899
2024-09-06,2.2750000953674316,2.2939999103546143,2.2320001125335693,2.260999917984009,121498
2024-09-09,2.1700000762939453,2.246999979019165,2.1410000324249268,2.2200000286102295,121498
2024-09-10,2.2320001125335693,2.257999897003174,2.125,2.1489999294281006,183556
2024-09-11,2.2699999809265137,2.325000047683716,2.2139999866485596,2.2360000610351562,198836
2024-09-12,2.3570001125335693,2.3940000534057617,2.2290000915527344,2.2860000133514404,231423
2024-09-13,2.305000066757202,2.4070000648498535,2.2939999103546143,2.36299991607666,173713
2024-09-16,2.372999906539917,2.3970000743865967,2.265000104904175,2.2980000972747803,163817
2024-09-17,2.3239998817443848,2.436000108718872,2.306999921798706,2.3910000324249268,171895
2024-09-18,2.2839999198913574,2.377000093460083,2.2750000953674316,2.312000036239624,137696
2024-09-19,2.3480000495910645,2.3610000610351562,2.2230000495910645,2.2880001068115234,190187
2024-09-20,2.434000015258789,2.4600000381469727,2.313999891281128,2.3580000400543213,161905
2024-09-23,2.61299991607666,2.6459999084472656,2.4579999446868896,2.4619998931884766,124650
2024-09-24,2.5510001182556152,2.6740000247955322,2.5350000858306885,2.634000062942505,61695
2024-09-25,2.63700008392334,2.6579999923706055,2.562999963760376,2.5829999446868896,91605
2024-09-26,2.5850000381469727,2.690000057220459,2.5239999294281006,2.640000104904175,187374
2024-09-27,2.9019999504089355,2.931999921798706,2.7200000286102295,2.74399995803833,224258
2024-09-30,2.9230000972747803,2.947999954223633,2.865000009536743,2.8989999294281006,156783
2024-10-01,2.8959999084472656,2.941999912261963,2.825000047683716,2.9070000648498535,161084
2024-10-02,2.885999917984009,3.0,2.869999885559082,2.8980000019073486,162673
2024-10-03,2.9700000286102295,2.98799991607666,2.9000000953674316,2.9210000038146973,133170
2024-10-04,2.8540000915527344,3.0190000534057617,2.8310000896453857,2.9709999561309814,173745
2024-10-07,2.746000051498413,2.8389999866485596,2.7049999237060547,2.8269999027252197,216871
2024-10-08,2.7330000400543213,2.7809998989105225,2.6989998817443848,2.7330000400543213,162513
2024-10-09,2.6600000858306885,2.7239999771118164,2.631999969482422,2.7090001106262207,190644
2024-10-10,2.674999952316284,2.700000047683716,2.5880000591278076,2.6470000743865967,188461
2024-10-11,2.631999969482422,2.7269999980926514,2.615000009536743,2.687000036239624,150928
2024-10-14,2.49399995803833,2.625,2.4760000705718994,2.624000072479248,139692
2024-10-15,2.497999906539917,2.549999952316284,2.444999933242798,2.4820001125335693,156441
2024-10-16,2.367000102996826,2.496999979019165,2.3580000400543213,2.48799991607666,173482
2024-10-17,2.3469998836517334,2.4170000553131104,2.3380000591278076,2.377000093460083,135847
2024-10-18,2.257999897003174,2.369999885559082,2.247999906539917,2.3489999771118164,164160
2024-10-21,2.312000036239624,2.36899995803833,2.2100000381469727,2.2200000286102295,154025
2024-10-22,2.311000108718872,2.375,2.2709999084472656,2.364000082015991,198772
2024-10-23,2.3420000076293945,2.441999912261963,2.257999897003174,2.3010001182556152,145225
2024-10-24,2.5220000743865967,2.5820000171661377,2.372999906539917,2.4000000953674316,139719
2024-10-25,2.559999942779541,2.5789999961853027,2.4600000381469727,2.5309998989105225,67455
2024-10-28,2.309000015258789,2.5160000324249268,2.2679998874664307,2.505000114440918,89409
2024-10-29,2.3459999561309814,2.3910000324249268,2.200000047683716,2.259000062942505,143883
2024-10-30,2.8450000286102295,2.9189999103546143,2.7699999809265137,2.9049999713897705,162834
2024-10-31,2.7070000171661377,2.8299999237060547,2.687999963760376,2.812999963760376,185486
2024-11-01,2.6630001068115234,2.7239999771118164,2.631999969482422,2.7019999027252197,166422
2024-11-04,2.7809998989105225,2.7950000762939453,2.5139999389648438,2.559999942779541,201168
2024-11-05,2.6700000762939453,2.818000078201294,2.6510000228881836,2.7890000343322754,153934
2024-11-06,2.746999979019165,2.7960000038146973,2.6600000858306885,2.678999900817871,157298
2024-11-07,2.693000078201294,2.7780001163482666,2.6559998989105225,2.7109999656677246,165551
2024-11-08,2.6689999103546143,2.747999906539917,2.6429998874664307,2.694000005722046,158000
2024-11-11,2.9200000762939453,2.9560000896453857,2.7690000534057617,2.7699999809265137,252383
2024-11-12,2.9070000648498535,3.013000011444092,2.8550000190734863,2.9519999027252197,245266
2024-11-13,2.9830000400543213,3.0199999809265137,2.8299999237060547,2.9140000343322754,218400
2024-11-14,2.7850000858306885,2.984999895095825,2.759000062942505,2.9809999465942383,209678
2024-11-15,2.822999954223633,2.8429999351501465,2.687999963760376,2.765000104904175,181092
2024-11-18,2.9730000495910645,2.9769999980926514,2.8320000171661377,2.924999952316284,188338
2024-11-19,2.997999906539917,3.058000087738037,2.9049999713897705,2.9509999752044678,211932
2024-11-20,3.193000078201294,3.236999988555908,2.941999912261963,2.9619998931884766,225693
2024-11-21,3.3389999866485596,3.4509999752044678,3.194999933242798,3.2160000801086426,192156
2024-11-22,3.128999948501587,3.562999963760376,3.071000099182129,3.390000104904175,95807
2024-11-25,3.36899995803833,3.4609999656677246,3.2639999389648438,3.3559999465942383,108485
2024-11-26,3.430999994277954,3.5,3.255000114440918,3.3299999237060547,222049
2024-11-27,3.2039999961853027,3.4700000286102295,3.188999891281128,3.4679999351501465,214291
2024-11-29,3.36299991607666,3.384000062942505,3.174999952316284,3.194999933242798,163060
2024-12-02,3.2130000591278076,3.2790000438690186,3.1480000019073486,3.2200000286102295,208653
2024-12-03,3.0420000553131104,3.2170000076293945,3.0299999713897705,3.2070000171661377,184347
2024-12-04,3.0429999828338623,3.0880000591278076,2.9769999980926514,3.0480000972747803,171700
2024-12-05,3.0789999961853027,3.1549999713897705,3.0350000858306885,3.071000099182129,183885
2024-12-06,3.0759999752044678,3.1080000400543213,3.003999948501587,3.0869998931884766,188687
2024-12-09,3.181999921798706,3.3239998817443848,3.13700008392334,3.259999990463257,258430
2024-12-10,3.1630001068115234,3.193000078201294,3.069000005722046,3.188999891281128,233880
2024-12-11,3.378000020980835,3.4040000438690186,3.180999994277954,3.193000078201294,276534
2024-12-12,3.4549999237060547,3.559000015258789,3.2820000648498535,3.364000082015991,328089
2024-12-13,3.2799999713897705,3.489000082015991,3.2639999389648438,3.4579999446868896,213643
2024-12-16,3.2139999866485596,3.253000020980835,3.1449999809265137,3.2100000381469727,172230
2024-12-17,3.308000087738037,3.3940000534057617,3.0910000801086426,3.2269999980926514,229155
2024-12-18,3.374000072479248,3.440999984741211,3.312000036239624,3.368000030517578,193391
2024-12-19,3.5840001106262207,3.6459999084472656,3.3910000324249268,3.4049999713897705,195546
2024-12-20,3.747999906539917,3.828000068664551,3.553999900817871,3.631999969482422,221930
2024-12-23,3.6559998989105225,3.944000005722046,3.5810000896453857,3.86899995803833,125622
2024-12-24,3.946000099182129,3.9579999446868896,3.6659998893737793,3.694999933242798,66852
2024-12-26,3.7149999141693115,4.010000228881836,3.6519999504089355,3.9700000286102295,67209
2024-12-27,3.5139999389648438,3.88700008392334,3.369999885559082,3.7070000171661377,189959
2024-12-30,3.936000108718872,4.201000213623047,3.6480000019073486,3.6570000648498535,374324
2024-12-31,3.632999897003174,4.01200008392334,3.5769999027252197,3.9149999618530273,184552
2025-01-02,3.6600000858306885,3.8010001182556152,3.5409998893737793,3.6559998989105225,156670
2025-01-03,3.3540000915527344,3.680000066757202,3.3299999237060547,3.6689999103546143,188094
2025-01-06,3.671999931335449,3.7260000705718994,3.502000093460083,3.553999900817871,228124
2025-01-07,3.4489998817443848,3.73799991607666,3.427000045776367,3.7049999237060547,182148
2025-01-08,3.6510000228881836,3.694000005722046,3.427000045776367,3.447999954223633,189259
2025-01-09,3.7009999752044678,3.8299999237060547,3.552000045776367,3.681999921798706,145203
2025-01-10,3.989000082015991,4.01800012588501,3.684999942779541,3.7090001106262207,229112
2025-01-13,3.934000015258789,4.36899995803833,3.8450000286102295,4.3470001220703125,195514
2025-01-14,3.9679999351501465,4.059000015258789,3.7360000610351562,3.930000066757202,167416
